"position","const","created","modified","description","Title","Title type","Directors","You rated","IMDb Rating","Runtime (mins)","Year","Genres","Num. Votes","Release Date (month/day/year)","URL"
"1","tt0362227","Sun Dec 18 00:00:00 2016","","","The Terminal","Feature Film","Steven Spielberg","8","7.3","128","2004","comedy, drama, romance","312974","2004-06-09","http://www.imdb.com/title/tt0362227/"
"2","tt3748528","Sat Dec 17 00:00:00 2016","","","Rogue One","Feature Film","Gareth Edwards","5","8.2","134","2016","action, adventure, sci_fi","115055","2016-12-10","http://www.imdb.com/title/tt3748528/"
"3","tt3544112","Fri Dec 16 00:00:00 2016","","","Sing Street","Feature Film","John Carney","5","8.0","106","2016","comedy, drama, music, romance","27942","2016-01-24","http://www.imdb.com/title/tt3544112/"
"4","tt3498820","Tue Dec 13 00:00:00 2016","","","Captain America: Civil War","Feature Film","Anthony Russo, Joe Russo","7","8.0","147","2016","action, adventure, sci_fi","358076","2016-04-12","http://www.imdb.com/title/tt3498820/"
"5","tt0121766","Tue Dec 13 00:00:00 2016","","","Star Wars: Episode III - Revenge of the Sith","Feature Film","George Lucas","4","7.6","140","2005","action, adventure, fantasy, sci_fi","535589","2005-05-12","http://www.imdb.com/title/tt0121766/"
"6","tt1266020","Tue Dec 13 00:00:00 2016","","","Parks and Recreation","TV Series","","5","8.6","22","2009","comedy","129012","2009-04-09","http://www.imdb.com/title/tt1266020/"
"7","tt0169547","Tue Dec 13 00:00:00 2016","","","American Beauty","Feature Film","Sam Mendes","9","8.4","122","1999","drama, romance","846033","1999-09-08","http://www.imdb.com/title/tt0169547/"
"8","tt1318514","Tue Dec 13 00:00:00 2016","","","Rise of the Planet of the Apes","Feature Film","Rupert Wyatt","7","7.6","105","2011","action, drama, sci_fi, thriller","412379","2011-08-03","http://www.imdb.com/title/tt1318514/"
"9","tt1596343","Tue Dec 13 00:00:00 2016","","","Fast & Furious 5","Feature Film","Justin Lin","8","7.3","131","2011","action, crime, thriller","290496","2011-04-15","http://www.imdb.com/title/tt1596343/"
"10","tt0840361","Tue Dec 13 00:00:00 2016","","","The Town","Feature Film","Ben Affleck","8","7.6","125","2010","crime, drama, thriller","286611","2010-09-08","http://www.imdb.com/title/tt0840361/"
"11","tt2400463","Tue Dec 13 00:00:00 2016","","","The Invitation","Feature Film","Karyn Kusama","8","6.7","100","2015","drama, mystery, thriller","31280","2015-03-13","http://www.imdb.com/title/tt2400463/"
"12","tt0112697","Tue Dec 13 00:00:00 2016","","","Clueless","Feature Film","Amy Heckerling","5","6.8","97","1995","comedy, romance","127718","1995-07-19","http://www.imdb.com/title/tt0112697/"
"13","tt4061080","Tue Dec 13 00:00:00 2016","","","Love","TV Series","","6","7.8","50","2016","comedy, drama, romance","14903","2016-02-19","http://www.imdb.com/title/tt4061080/"
"14","tt4635276","Tue Dec 13 00:00:00 2016","","","Master of None","TV Series","","9","8.2","30","2015","comedy","29387","2015-11-06","http://www.imdb.com/title/tt4635276/"
"15","tt0479143","Tue Dec 13 00:00:00 2016","","","Rocky Balboa","Feature Film","Sylvester Stallone","6","7.2","102","2006","drama, sport","166275","2006-12-13","http://www.imdb.com/title/tt0479143/"
"16","tt0468489","Tue Dec 13 00:00:00 2016","","","Half Nelson","Feature Film","Ryan Fleck","7","7.2","106","2006","drama","72155","2006-01-23","http://www.imdb.com/title/tt0468489/"
"17","tt1440292","Fri Dec  9 00:00:00 2016","","","Submarine","Feature Film","Richard Ayoade","5","7.3","97","2010","comedy, drama, romance","68368","2010-09-12","http://www.imdb.com/title/tt1440292/"
"18","tt2452386","Fri Dec  9 00:00:00 2016","","","The Fundamentals of Caring","Feature Film","Rob Burnett","8","7.4","97","2016","comedy, drama","25562","2016-01-29","http://www.imdb.com/title/tt2452386/"
"19","tt1155056","Fri Dec  9 00:00:00 2016","","","I Love You, Man","Feature Film","John Hamburg","4","7.0","105","2009","comedy, romance","169258","2009-03-20","http://www.imdb.com/title/tt1155056/"
"20","tt0944947","Tue Aug  9 00:00:00 2016","","","Game of Thrones","TV Series","","9","9.5","56","2011","adventure, drama, fantasy, romance","1091894","2011-04-17","http://www.imdb.com/title/tt0944947/"
"21","tt1100089","Tue Aug  9 00:00:00 2016","","","Foxcatcher","Feature Film","Bennett Miller","7","7.0","134","2014","biography, drama, sport","110279","2014-05-19","http://www.imdb.com/title/tt1100089/"
"22","tt1386697","Mon Aug  8 00:00:00 2016","","","Suicide Squad","Feature Film","David Ayer","2","6.4","123","2016","action, adventure, fantasy, sci_fi","303513","2016-08-01","http://www.imdb.com/title/tt1386697/"
"23","tt4574334","Mon Aug  8 00:00:00 2016","","","Stranger Things","TV Series","Matt Duffer, Ross Duffer","9","9.0","55","2016","drama, fantasy, horror, mystery, sci_fi, thriller","229861","2016-07-11","http://www.imdb.com/title/tt4574334/"
"24","tt1431045","Mon Aug  8 00:00:00 2016","","","Deadpool","Feature Film","Tim Miller","7","8.1","108","2016","action, adventure, comedy, romance, sci_fi","554123","2016-01-21","http://www.imdb.com/title/tt1431045/"
"25","tt2707408","Mon Aug  8 00:00:00 2016","","","Narcos","TV Series","","7","8.9","49","2015","biography, crime, drama","155576","2015-08-28","http://www.imdb.com/title/tt2707408/"
"26","tt1856010","Mon Aug  8 00:00:00 2016","","","House of Cards","TV Series","","7","9.0","51","2013","drama","331855","2013-02-01","http://www.imdb.com/title/tt1856010/"
"27","tt2357547","Mon Aug  8 00:00:00 2016","","","Jessica Jones","TV Series","","4","8.2","56","2015","action, crime, drama, sci_fi, thriller","108789","2015-10-10","http://www.imdb.com/title/tt2357547/"
"28","tt5016504","Mon Aug  8 00:00:00 2016","","","Preacher","TV Series","","6","8.2","60","2016","adventure, drama, fantasy, mystery","30329","2016-03-14","http://www.imdb.com/title/tt5016504/"
"29","tt5022702","Sun May 22 00:00:00 2016","","","Hush","Feature Film","Mike Flanagan","7","6.6","81","2016","horror, thriller","35519","2016-03-12","http://www.imdb.com/title/tt5022702/"
"30","tt1024648","Sun May 22 00:00:00 2016","","","Argo","Feature Film","Ben Affleck","9","7.7","120","2012","biography, drama, history, thriller","464132","2012-08-31","http://www.imdb.com/title/tt1024648/"
"31","tt1210166","Sun May 22 00:00:00 2016","","","Moneyball","Feature Film","Bennett Miller","8","7.6","133","2011","biography, drama, sport","289765","2011-09-09","http://www.imdb.com/title/tt1210166/"
"32","tt1399664","Thu May 19 00:00:00 2016","","","The Night Manager","Mini-Series","Susanne Bier","9","8.2","60","2016","crime, drama, mystery, thriller","33438","2016-02-21","http://www.imdb.com/title/tt1399664/"
"33","tt1596363","Sun May 15 00:00:00 2016","","","The Big Short","Feature Film","Adam McKay","9","7.8","130","2015","biography, comedy, drama, history","216482","2015-11-12","http://www.imdb.com/title/tt1596363/"
"34","tt1895587","Sun May 15 00:00:00 2016","","","Spotlight","Feature Film","Tom McCarthy","8","8.1","128","2015","biography, crime, drama, history","231333","2015-09-03","http://www.imdb.com/title/tt1895587/"
"35","tt2381111","Sun May 15 00:00:00 2016","","","Brooklyn","Feature Film","John Crowley","7","7.5","117","2015","drama, romance","85636","2015-01-26","http://www.imdb.com/title/tt2381111/"
"36","tt2402927","Sun May 15 00:00:00 2016","","","Carol","Feature Film","Todd Haynes","6","7.2","118","2015","drama, romance","69675","2015-05-17","http://www.imdb.com/title/tt2402927/"
"37","tt3748440","Mon Mar  7 00:00:00 2016","","","Blue Mountain State: The Rise of Thadland","Feature Film","Lev L. Spiro","2","5.9","90","2016","comedy, sport","10133","2016-02-02","http://www.imdb.com/title/tt3748440/"
"38","tt0119051","Mon Mar  7 00:00:00 2016","","","The Edge","Feature Film","Lee Tamahori","5","6.9","117","1997","action, adventure, drama, thriller","57175","1997-09-06","http://www.imdb.com/title/tt0119051/"
"39","tt3149038","Wed Feb 10 00:00:00 2016","","","X+Y","Feature Film","Morgan Matthews","8","7.2","111","2014","drama","20149","2014-09-05","http://www.imdb.com/title/tt3149038/"
"40","tt2980592","Sun Feb  7 00:00:00 2016","","","The Guest","Feature Film","Adam Wingard","6","6.7","100","2014","action, crime, mystery, sci_fi, thriller","66997","2014-01-17","http://www.imdb.com/title/tt2980592/"
"41","tt2189461","Tue Feb  2 00:00:00 2016","","","Marco Polo","TV Series","","5","8.1","60","2014","adventure, drama, history","43274","2014-12-12","http://www.imdb.com/title/tt2189461/"
"42","tt3921180","Tue Feb  2 00:00:00 2016","","","Scream: The TV Series","TV Series","","7","7.3","45","2015","crime, drama, horror, mystery, thriller","21654","2015-06-30","http://www.imdb.com/title/tt3921180/"
"43","tt0433400","Tue Feb  2 00:00:00 2016","","","Just Friends","Feature Film","Roger Kumble","2","6.2","96","2005","comedy, romance","84282","2005-11-23","http://www.imdb.com/title/tt0433400/"
"44","tt2106476","Tue Feb  2 00:00:00 2016","","","The Hunt","Feature Film","Thomas Vinterberg","9","8.3","115","2012","drama","179845","2012-05-20","http://www.imdb.com/title/tt2106476/"
"45","tt0080339","Tue Feb  2 00:00:00 2016","","","Airplane!","Feature Film","Jim Abrahams, David Zucker","6","7.8","88","1980","comedy","164430","1980-07-02","http://www.imdb.com/title/tt0080339/"
"46","tt0790636","Tue Feb  2 00:00:00 2016","","","Dallas Buyers Club","Feature Film","Jean-Marc Vallée","7","8.0","117","2013","biography, drama","337913","2013-09-07","http://www.imdb.com/title/tt0790636/"
"47","tt0365907","Tue Feb  2 00:00:00 2016","","","A Walk Among the Tombstones","Feature Film","Scott Frank","8","6.5","114","2014","crime, drama, mystery, thriller","90845","2014-09-18","http://www.imdb.com/title/tt0365907/"
"48","tt0128442","Tue Feb  2 00:00:00 2016","","","Rounders","Feature Film","John Dahl","6","7.4","121","1998","crime, drama","124103","1998-08-25","http://www.imdb.com/title/tt0128442/"
"49","tt0445990","Tue Feb  2 00:00:00 2016","","","Invincible","Feature Film","Ericson Core","7","7.1","105","2006","biography, drama, sport","52731","2006-08-25","http://www.imdb.com/title/tt0445990/"
"50","tt0359950","Sun Jan 31 00:00:00 2016","","","The Secret Life of Walter Mitty","Feature Film","Ben Stiller","10","7.3","114","2013","adventure, comedy, drama, fantasy, romance","242425","2013-10-05","http://www.imdb.com/title/tt0359950/"
"51","tt3076658","Fri Jan 29 00:00:00 2016","","","Creed","Feature Film","Ryan Coogler","9","7.7","133","2015","drama, sport","162523","2015-11-19","http://www.imdb.com/title/tt3076658/"
"52","tt1663202","Tue Jan 19 00:00:00 2016","","","The Revenant","Feature Film","Alejandro G. Iñárritu","9","8.0","156","2015","adventure, drama, thriller, western","457526","2015-12-16","http://www.imdb.com/title/tt1663202/"
"53","tt0050083","Mon Jan 18 00:00:00 2016","","","12 Angry Men","Feature Film","Sidney Lumet","9","8.9","96","1957","crime, drama","466298","1957-04-10","http://www.imdb.com/title/tt0050083/"
"54","tt2872718","Sun Jan 10 00:00:00 2016","","","Nightcrawler","Feature Film","Dan Gilroy","9","7.9","117","2014","crime, drama, thriller","310549","2014-09-05","http://www.imdb.com/title/tt2872718/"
"55","tt3205376","Sun Jan 10 00:00:00 2016","","","Slow West","Feature Film","John Maclean","6","6.9","84","2015","western","29773","2015-01-24","http://www.imdb.com/title/tt3205376/"
"56","tt0878804","Sun Jan  3 00:00:00 2016","","","The Blind Side","Feature Film","John Lee Hancock","7","7.7","129","2009","biography, drama, sport","229264","2009-11-17","http://www.imdb.com/title/tt0878804/"
"57","tt0106697","Sun Jan  3 00:00:00 2016","","","Demolition Man","Feature Film","Marco Brambilla","8","6.6","115","1993","action, crime, sci_fi, thriller","127266","1993-10-07","http://www.imdb.com/title/tt0106697/"
"58","tt0076759","Sat Dec 26 00:00:00 2015","","","Star Wars: Episode IV - A New Hope","Feature Film","George Lucas","7","8.7","121","1977","action, adventure, fantasy, sci_fi","939165","1977-05-25","http://www.imdb.com/title/tt0076759/"
"59","tt3850590","Sat Dec 26 00:00:00 2015","","","Krampus","Feature Film","Michael Dougherty","2","6.2","98","2015","comedy, fantasy, horror","37166","2015-11-30","http://www.imdb.com/title/tt3850590/"
"60","tt2488496","Thu Dec 24 00:00:00 2015","","","Star Wars: Episode VII - The Force Awakens","Feature Film","J.J. Abrams","8","8.2","136","2015","action, adventure, fantasy, sci_fi","610671","2015-12-14","http://www.imdb.com/title/tt2488496/"
"61","tt1605783","Sat Dec  5 00:00:00 2015","","","Midnight in Paris","Feature Film","Woody Allen","10","7.7","94","2011","comedy, fantasy, romance","309248","2011-05-11","http://www.imdb.com/title/tt1605783/"
"62","tt2084970","Fri Dec  4 00:00:00 2015","","","The Imitation Game","Feature Film","Morten Tyldum","9","8.1","114","2014","biography, drama, thriller, war","500883","2014-08-29","http://www.imdb.com/title/tt2084970/"
"63","tt4158110","Wed Nov 25 00:00:00 2015","","","Mr. Robot","TV Series","","9","8.7","49","2015","crime, drama, thriller","196628","2015-03-17","http://www.imdb.com/title/tt4158110/"
"64","tt0120915","Wed Nov 25 00:00:00 2015","","","Star Wars: Episode I - The Phantom Menace","Feature Film","George Lucas","1","6.5","136","1999","action, adventure, fantasy, sci_fi","549855","1999-05-16","http://www.imdb.com/title/tt0120915/"
"65","tt0804503","Wed Nov 25 00:00:00 2015","","","Mad Men","TV Series","","10","8.6","47","2007","drama","147895","2007-07-19","http://www.imdb.com/title/tt0804503/"
"66","tt2582846","Wed Nov 25 00:00:00 2015","","","The Fault in Our Stars","Feature Film","Josh Boone","3","7.8","126","2014","drama, romance","259996","2014-05-16","http://www.imdb.com/title/tt2582846/"
"67","tt0206512","Wed Nov 25 00:00:00 2015","","","SpongeBob SquarePants","TV Series","","7","8.1","23","1999","animation, comedy, family, fantasy","60736","1999-04-30","http://www.imdb.com/title/tt0206512/"
"68","tt2379713","Sun Nov  8 00:00:00 2015","","","Spectre","Feature Film","Sam Mendes","5","6.8","148","2015","action, adventure, thriller","293020","2015-10-26","http://www.imdb.com/title/tt2379713/"
"69","tt4374208","Sun Nov  8 00:00:00 2015","","","Catastrophe","TV Series","Ben Taylor","9","8.2","30","2015","comedy","6602","2015-01-19","http://www.imdb.com/title/tt4374208/"
"70","tt3659388","Fri Oct 23 00:00:00 2015","","","The Martian","Feature Film","Ridley Scott","6","8.0","144","2015","adventure, drama, sci_fi","519538","2015-09-11","http://www.imdb.com/title/tt3659388/"
"71","tt0376994","Sat Sep 26 00:00:00 2015","","","X-Men: The Last Stand","Feature Film","Brett Ratner","4","6.8","104","2006","action, adventure, fantasy, sci_fi, thriller","392536","2006-05-22","http://www.imdb.com/title/tt0376994/"
"72","tt1827579","Thu Sep 10 00:00:00 2015","","","Spike Island","Feature Film","Mat Whitecross","6","6.4","105","2012","comedy, drama, music","2323","2012-10-11","http://www.imdb.com/title/tt1827579/"
"73","tt2024544","Sun Sep  6 00:00:00 2015","","","12 Years a Slave","Feature Film","Steve McQueen","8","8.1","134","2013","biography, drama, history","459321","2013-08-30","http://www.imdb.com/title/tt2024544/"
"74","tt0166924","Sun Sep  6 00:00:00 2015","","","Mulholland Drive","Feature Film","David Lynch","8","8.0","147","2001","drama, mystery, thriller","244869","2001-05-16","http://www.imdb.com/title/tt0166924/"
"75","tt1466074","Sun Sep  6 00:00:00 2015","","","Columbo","TV Series","","10","8.2","100","1971","crime, drama, mystery, thriller","19949","1971-03-01","http://www.imdb.com/title/tt1466074/"
"76","tt1504320","Sun Sep  6 00:00:00 2015","","","The King's Speech","Feature Film","Tom Hooper","9","8.0","118","2010","biography, drama","518253","2010-09-06","http://www.imdb.com/title/tt1504320/"
"77","tt0185906","Mon Aug 17 00:00:00 2015","","","Band of Brothers","Mini-Series","","10","9.5","594","2001","action, drama, history, war","243319","2001-09-09","http://www.imdb.com/title/tt0185906/"
"78","tt1486217","Fri Aug 14 00:00:00 2015","","","Archer","TV Series","","9","8.8","22","2009","animation, action, comedy","94608","2009-09-17","http://www.imdb.com/title/tt1486217/"
"79","tt2614684","Thu Jul 30 00:00:00 2015","","","'71","Feature Film","Yann Demange","3","7.2","99","2014","action, drama, thriller, war","37167","2014-02-07","http://www.imdb.com/title/tt2614684/"
"80","tt3398228","Sun Jul 26 00:00:00 2015","","","BoJack Horseman","TV Series","","9","8.4","25","2014","animation, comedy, drama","28825","2014-08-22","http://www.imdb.com/title/tt3398228/"
"81","tt1638002","Wed Jun 17 00:00:00 2015","","","Love, Rosie","Feature Film","Christian Ditter","7","7.2","102","2014","comedy, romance","74063","2014-10-06","http://www.imdb.com/title/tt1638002/"
"82","tt1120985","Mon Jun  8 00:00:00 2015","","","Blue Valentine","Feature Film","Derek Cianfrance","7","7.4","112","2010","drama, romance","145490","2010-01-24","http://www.imdb.com/title/tt1120985/"
"83","tt2582802","Fri May 22 00:00:00 2015","","","Whiplash","Feature Film","Damien Chazelle","9","8.5","107","2014","drama, music","431732","2014-01-16","http://www.imdb.com/title/tt2582802/"
"84","tt1392214","Thu May 21 00:00:00 2015","","","Prisoners","Feature Film","Denis Villeneuve","9","8.1","153","2013","crime, drama, mystery, thriller","404455","2013-08-30","http://www.imdb.com/title/tt1392214/"
"85","tt0800241","Sun May 17 00:00:00 2015","","","Transsiberian","Feature Film","Brad Anderson","7","6.7","111","2008","crime, drama, mystery, thriller","43376","2008-01-18","http://www.imdb.com/title/tt0800241/"
"86","tt2395427","Sun May 17 00:00:00 2015","","","Avengers: Age of Ultron","Feature Film","Joss Whedon","6","7.5","141","2015","action, adventure, sci_fi","487689","2015-04-13","http://www.imdb.com/title/tt2395427/"
"87","tt0310775","Wed May 13 00:00:00 2015","","","Sympathy for Mr. Vengeance","Feature Film","Chan-wook Park","4","7.7","129","2002","crime, drama, thriller","47403","2002-03-29","http://www.imdb.com/title/tt0310775/"
"88","tt0451094","Mon May 11 00:00:00 2015","","","Lady Vengeance","Feature Film","Park Chan Wook","7","7.6","112","2005","crime, drama","55195","2005-07-29","http://www.imdb.com/title/tt0451094/"
"89","tt1698441","Thu May  7 00:00:00 2015","","","The Trip","TV Series","","8","8.1","172","2010","comedy","4127","2010-11-01","http://www.imdb.com/title/tt1698441/"
"90","tt1020530","Thu May  7 00:00:00 2015","","","Eden Lake","Feature Film","James Watkins","7","6.8","91","2008","horror","59601","2008-08-12","http://www.imdb.com/title/tt1020530/"
"91","tt1442437","Thu May  7 00:00:00 2015","","","Modern Family","TV Series","","8","8.5","22","2009","comedy, romance","255070","2009-09-23","http://www.imdb.com/title/tt1442437/"
"92","tt1442449","Thu May  7 00:00:00 2015","","","Spartacus","TV Series","","4","8.6","55","2010","action, adventure, biography, drama, history, romance","177913","2010-01-22","http://www.imdb.com/title/tt1442449/"
"93","tt1474684","Thu May  7 00:00:00 2015","","","Luther","TV Series","","9","8.6","60","2010","crime, drama, mystery, thriller","75446","2010-05-04","http://www.imdb.com/title/tt1474684/"
"94","tt1979320","Thu May  7 00:00:00 2015","","","Rush","Feature Film","Ron Howard","5","8.1","123","2013","action, biography, drama, sport","325154","2013-09-02","http://www.imdb.com/title/tt1979320/"
"95","tt0088247","Thu May  7 00:00:00 2015","","","The Terminator","Feature Film","James Cameron","7","8.0","107","1984","action, sci_fi","618077","1984-10-26","http://www.imdb.com/title/tt0088247/"
"96","tt0795421","Thu May  7 00:00:00 2015","","","Mamma Mia!","Feature Film","Phyllida Lloyd","6","6.3","108","2008","comedy, family, musical, romance","148660","2008-06-30","http://www.imdb.com/title/tt0795421/"
"97","tt0118655","Thu May  7 00:00:00 2015","","","Austin Powers: International Man of Mystery","Feature Film","Jay Roach","7","7.0","94","1997","comedy, crime","186507","1997-05-02","http://www.imdb.com/title/tt0118655/"
"98","tt0125439","Thu May  7 00:00:00 2015","","","Notting Hill","Feature Film","Roger Michell","6","7.0","124","1999","comedy, drama, romance","209023","1999-05-13","http://www.imdb.com/title/tt0125439/"
"99","tt1320253","Thu May  7 00:00:00 2015","","","The Expendables","Feature Film","Sylvester Stallone","5","6.5","103","2010","action, adventure, thriller","275961","2010-08-03","http://www.imdb.com/title/tt1320253/"
"100","tt0112442","Thu May  7 00:00:00 2015","","","Bad Boys","Feature Film","Michael Bay","8","6.8","119","1995","action, comedy, crime, drama, thriller","176888","1995-04-07","http://www.imdb.com/title/tt0112442/"
"101","tt0107818","Thu May  7 00:00:00 2015","","","Philadelphia","Feature Film","Jonathan Demme","9","7.7","125","1993","drama","182900","1993-12-14","http://www.imdb.com/title/tt0107818/"
"102","tt0268380","Thu May  7 00:00:00 2015","","","Ice Age","Feature Film","Chris Wedge, Carlos Saldanha","7","7.6","81","2002","animation, adventure, comedy, family","336655","2002-03-12","http://www.imdb.com/title/tt0268380/"
"103","tt0443453","Thu May  7 00:00:00 2015","","","Borat: Cultural Learnings of America for Make Benefit Glorious Nation of Kazakhstan","Feature Film","Larry Charles","8","7.3","84","2006","comedy","302131","2006-08-04","http://www.imdb.com/title/tt0443453/"
"104","tt1614989","Thu May  7 00:00:00 2015","","","Headhunters","Feature Film","Morten Tyldum","8","7.6","100","2011","crime, drama, thriller","81342","2011-08-04","http://www.imdb.com/title/tt1614989/"
"105","tt0378109","Tue May  5 00:00:00 2015","","","Into the Blue","Feature Film","John Stockwell","4","5.8","110","2005","action, adventure, crime, thriller","64552","2005-09-30","http://www.imdb.com/title/tt0378109/"
"106","tt2967006","Mon Apr 20 00:00:00 2015","","","The Trip to Italy","Feature Film","Michael Winterbottom","8","6.6","108","2014","comedy, drama","11309","2014-01-20","http://www.imdb.com/title/tt2967006/"
"107","tt1740047","Mon Apr 20 00:00:00 2015","","","The Trip","Feature Film","Michael Winterbottom","8","7.0","112","2010","comedy, drama","17946","2010-09","http://www.imdb.com/title/tt1740047/"
"108","tt3322312","Mon Apr 20 00:00:00 2015","","","Daredevil","TV Series","","10","8.8","54","2015","action, crime, drama, sci_fi, thriller","233464","2015-04-02","http://www.imdb.com/title/tt3322312/"
"109","tt0412142","Mon Apr 20 00:00:00 2015","","","House","TV Series","","8","8.8","44","2004","drama, mystery","317019","2004-11-16","http://www.imdb.com/title/tt0412142/"
"110","tt1439629","Mon Apr 20 00:00:00 2015","","","Community","TV Series","","9","8.5","22","2009","comedy","149486","2009-09-17","http://www.imdb.com/title/tt1439629/"
"111","tt2820852","Mon Apr 13 00:00:00 2015","","","Fast & Furious 7","Feature Film","James Wan","5","7.2","137","2015","action, crime, thriller","287075","2015-03-16","http://www.imdb.com/title/tt2820852/"
"112","tt0264472","Thu Apr  9 00:00:00 2015","","","Changing Lanes","Feature Film","Roger Michell","7","6.5","98","2002","drama, thriller","58257","2002-04-07","http://www.imdb.com/title/tt0264472/"
"113","tt1475582","Thu Apr  9 00:00:00 2015","","","Sherlock","TV Series","","9","9.2","88","2010","crime, drama, mystery","530904","2010-07-25","http://www.imdb.com/title/tt1475582/"
"114","tt0121765","Thu Apr  9 00:00:00 2015","","","Star Wars: Episode II - Attack of the Clones","Feature Film","George Lucas","2","6.7","142","2002","action, adventure, fantasy, sci_fi","478704","2002-05-12","http://www.imdb.com/title/tt0121765/"
"115","tt0137523","Thu Apr  9 00:00:00 2015","","","Fight Club","Feature Film","David Fincher","10","8.8","139","1999","drama","1391724","1999-09-10","http://www.imdb.com/title/tt0137523/"
"116","tt0133093","Thu Apr  9 00:00:00 2015","","","The Matrix","Feature Film","The Wachowski Brothers, The Wachowski Brothers","10","8.7","136","1999","action, sci_fi","1254650","1999-03-24","http://www.imdb.com/title/tt0133093/"
"117","tt0099685","Thu Apr  9 00:00:00 2015","","","Goodfellas","Feature Film","Martin Scorsese","5","8.7","146","1990","biography, crime, drama","751253","1990-09-09","http://www.imdb.com/title/tt0099685/"
"118","tt3339966","Thu Apr  9 00:00:00 2015","","","Unbreakable Kimmy Schmidt","TV Series","","9","7.9","30","2015","comedy, drama","36299","2015-03-06","http://www.imdb.com/title/tt3339966/"
"119","tt0217505","Thu Apr  9 00:00:00 2015","","","Gangs of New York","Feature Film","Martin Scorsese","7","7.5","167","2002","crime, drama","321989","2002-12-09","http://www.imdb.com/title/tt0217505/"
"120","tt0452623","Thu Apr  9 00:00:00 2015","","","Gone Baby Gone","Feature Film","Ben Affleck","8","7.7","114","2007","crime, drama, mystery, thriller","198730","2007-09-05","http://www.imdb.com/title/tt0452623/"
"121","tt1980929","Thu Apr  9 00:00:00 2015","","","Begin Again","Feature Film","John Carney","10","7.4","104","2013","drama, music","105488","2013-09-07","http://www.imdb.com/title/tt1980929/"
"122","tt0373469","Thu Apr  9 00:00:00 2015","","","Kiss Kiss Bang Bang","Feature Film","Shane Black","9","7.6","103","2005","comedy, crime, mystery","180304","2005-05-14","http://www.imdb.com/title/tt0373469/"
"123","tt0907657","Thu Apr  9 00:00:00 2015","","","Once","Feature Film","John Carney","7","7.9","85","2007","drama, music, romance","93540","2007-01-20","http://www.imdb.com/title/tt0907657/"
"124","tt1905041","Tue Apr  7 00:00:00 2015","","","Fast & Furious 6","Feature Film","Justin Lin","7","7.1","130","2013","action, crime, thriller","307193","2013-05-07","http://www.imdb.com/title/tt1905041/"
"125","tt2883512","Sun Apr  5 00:00:00 2015","","","Chef","Feature Film","Jon Favreau","6","7.3","114","2014","comedy, drama","145558","2014-03-07","http://www.imdb.com/title/tt2883512/"
"126","tt1798243","Sat Apr  4 00:00:00 2015","","","Rudderless","Feature Film","William H. Macy","6","7.5","105","2014","comedy, drama, music","13641","2014-01-24","http://www.imdb.com/title/tt1798243/"
"127","tt1723121","Sat Apr  4 00:00:00 2015","","","We're the Millers","Feature Film","Rawson Marshall Thurber","5","7.0","110","2013","comedy, crime","324906","2013-08-03","http://www.imdb.com/title/tt1723121/"
"128","tt0903747","Wed Apr  1 00:00:00 2015","","","Breaking Bad","TV Series","","9","9.5","49","2008","crime, drama, thriller","927534","2008-01-20","http://www.imdb.com/title/tt0903747/"
"129","tt1578873","Wed Apr  1 00:00:00 2015","","","Pretty Little Liars","TV Series","","4","7.7","44","2010","drama, mystery, romance, thriller","119913","2010-06-08","http://www.imdb.com/title/tt1578873/"
"130","tt1323594","Wed Apr  1 00:00:00 2015","","","Despicable Me","Feature Film","Pierre Coffin, Chris Renaud","7","7.7","95","2010","animation, adventure, comedy, family","396790","2010-06-20","http://www.imdb.com/title/tt1323594/"
"131","tt0240772","Wed Apr  1 00:00:00 2015","","","Ocean's Eleven","Feature Film","Steven Soderbergh","8","7.8","116","2001","crime, thriller","412416","2001-12-05","http://www.imdb.com/title/tt0240772/"
"132","tt1690953","Wed Apr  1 00:00:00 2015","","","Despicable Me 2","Feature Film","Pierre Coffin, Chris Renaud","6","7.5","98","2013","animation, adventure, comedy, family, sci_fi","294657","2013-06-16","http://www.imdb.com/title/tt1690953/"
"133","tt1300854","Wed Apr  1 00:00:00 2015","","","Iron Man 3","Feature Film","Shane Black","8","7.2","130","2013","action, adventure, sci_fi","571764","2013-04-12","http://www.imdb.com/title/tt1300854/"
"134","tt0298148","Wed Apr  1 00:00:00 2015","","","Shrek 2","Feature Film","Andrew Adamson, Kelly Asbury","5","7.2","93","2004","animation, adventure, comedy, family, fantasy, romance","323145","2004-05-15","http://www.imdb.com/title/tt0298148/"
"135","tt0432348","Mon Mar 30 00:00:00 2015","","","Saw II","Feature Film","Darren Lynn Bousman","5","6.6","93","2005","horror, mystery","192666","2005-10-28","http://www.imdb.com/title/tt0432348/"
"136","tt0981227","Mon Mar 30 00:00:00 2015","","","Nick and Norah's Infinite Playlist","Feature Film","Peter Sollett","6","6.7","90","2008","comedy, drama, music, romance","76188","2008-09-06","http://www.imdb.com/title/tt0981227/"
"137","tt1436045","Mon Mar 30 00:00:00 2015","","","13 Assassins","Feature Film","Takashi Miike","8","7.6","141","2010","action, adventure, drama","51718","2010-09-09","http://www.imdb.com/title/tt1436045/"
"138","tt0477095","Mon Mar 30 00:00:00 2015","","","Starter for 10","Feature Film","Tom Vaughan","7","6.7","92","2006","comedy, drama, romance, sport","17891","2006-09-13","http://www.imdb.com/title/tt0477095/"
"139","tt0458413","Mon Mar 30 00:00:00 2015","","","A Long Way Down","Feature Film","Pascal Chaumeil","4","6.4","96","2014","comedy, drama","25626","2014-02-10","http://www.imdb.com/title/tt0458413/"
"140","tt0108525","Mon Mar 30 00:00:00 2015","","","Wayne's World 2","Feature Film","Stephen Surjik","7","6.1","95","1993","comedy, music","63804","1993-12-10","http://www.imdb.com/title/tt0108525/"
"141","tt1289406","Mon Mar 30 00:00:00 2015","","","Harry Brown","Feature Film","Daniel Barber","7","7.2","103","2009","action, crime, drama, thriller","75386","2009-09-12","http://www.imdb.com/title/tt1289406/"
"142","tt2015381","Mon Mar 30 00:00:00 2015","","","Guardians of the Galaxy","Feature Film","James Gunn","8","8.1","121","2014","action, adventure, sci_fi","714331","2014-07-21","http://www.imdb.com/title/tt2015381/"
"143","tt0095016","Mon Mar 30 00:00:00 2015","","","Die Hard","Feature Film","John McTiernan","9","8.2","131","1988","action, thriller","609157","1988-07-12","http://www.imdb.com/title/tt0095016/"
"144","tt0120338","Mon Mar 30 00:00:00 2015","","","Titanic","Feature Film","James Cameron","5","7.7","194","1997","drama, romance","814346","1997-11-01","http://www.imdb.com/title/tt0120338/"
"145","tt0409459","Mon Mar 30 00:00:00 2015","","","Watchmen","Feature Film","Zack Snyder","5","7.6","162","2009","action, drama, mystery, sci_fi","400636","2009-02-23","http://www.imdb.com/title/tt0409459/"
"146","tt0470752","Mon Mar 30 00:00:00 2015","","","Ex Machina","Feature Film","Alex Garland","8","7.7","108","2015","drama, mystery, sci_fi, thriller","312547","2015-01-21","http://www.imdb.com/title/tt0470752/"
"147","tt1201607","Mon Mar 30 00:00:00 2015","","","Harry Potter and the Deathly Hallows: Part 2","Feature Film","David Yates","5","8.1","130","2011","adventure, drama, fantasy, mystery","563607","2011-07-07","http://www.imdb.com/title/tt1201607/"
"148","tt0361748","Mon Mar 30 00:00:00 2015","","","Inglourious Basterds","Feature Film","Quentin Tarantino","3","8.3","153","2009","adventure, drama, war","916946","2009-05-20","http://www.imdb.com/title/tt0361748/"
"149","tt2103281","Mon Mar 30 00:00:00 2015","","","Dawn of the Planet of the Apes","Feature Film","Matt Reeves","7","7.6","130","2014","action, adventure, drama, sci_fi","326841","2014-06-26","http://www.imdb.com/title/tt2103281/"
"150","tt0246578","Mon Mar 30 00:00:00 2015","","","Donnie Darko","Feature Film","Richard Kelly","3","8.1","113","2001","drama, sci_fi, thriller","597604","2001-01-19","http://www.imdb.com/title/tt0246578/"
"151","tt0407887","Mon Mar 30 00:00:00 2015","","","The Departed","Feature Film","Martin Scorsese","7","8.5","151","2006","crime, drama, thriller","901214","2006-09-26","http://www.imdb.com/title/tt0407887/"
"152","tt0116282","Mon Mar 30 00:00:00 2015","","","Fargo","Feature Film","Joel Coen","7","8.1","98","1996","crime, drama, thriller","468568","1996-03-08","http://www.imdb.com/title/tt0116282/"
"153","tt0114814","Mon Mar 30 00:00:00 2015","","","The Usual Suspects","Feature Film","Bryan Singer","9","8.6","106","1995","crime, drama, mystery, thriller","763868","1995-01-25","http://www.imdb.com/title/tt0114814/"
"154","tt0499549","Mon Mar 30 00:00:00 2015","","","Avatar","Feature Film","James Cameron","6","7.9","162","2009","action, adventure, fantasy, sci_fi","907371","2009-12-10","http://www.imdb.com/title/tt0499549/"
"155","tt0147800","Mon Mar 30 00:00:00 2015","","","10 Things I Hate About You","Feature Film","Gil Junger","6","7.2","97","1999","comedy, drama, romance","229334","1999-03-31","http://www.imdb.com/title/tt0147800/"
"156","tt0416449","Mon Mar 30 00:00:00 2015","","","300","Feature Film","Zack Snyder","6","7.7","117","2006","action, drama, fantasy","620925","2006-12-09","http://www.imdb.com/title/tt0416449/"
"157","tt0167260","Mon Mar 30 00:00:00 2015","","","The Lord of the Rings: The Return of the King","Feature Film","Peter Jackson","7","8.9","201","2003","adventure, drama, fantasy","1251515","2003-12-01","http://www.imdb.com/title/tt0167260/"
"158","tt0119217","Mon Mar 30 00:00:00 2015","","","Good Will Hunting","Feature Film","Gus Van Sant","9","8.3","126","1997","drama","626880","1997-12-02","http://www.imdb.com/title/tt0119217/"
"159","tt0425210","Mon Mar 30 00:00:00 2015","","","Lucky Number Slevin","Feature Film","Paul McGuigan","7","7.8","110","2006","crime, drama, mystery, thriller","266469","2006-02-24","http://www.imdb.com/title/tt0425210/"
"160","tt1877832","Mon Mar 30 00:00:00 2015","","","X-Men: Days of Future Past","Feature Film","Bryan Singer","8","8.0","132","2014","action, adventure, sci_fi, thriller","529217","2014-05-10","http://www.imdb.com/title/tt1877832/"
"161","tt0903624","Mon Mar 30 00:00:00 2015","","","The Hobbit: An Unexpected Journey","Feature Film","Peter Jackson","8","7.9","169","2012","adventure, fantasy","651123","2012-11-28","http://www.imdb.com/title/tt0903624/"
"162","tt0800369","Mon Mar 30 00:00:00 2015","","","Thor","Feature Film","Kenneth Branagh","7","7.0","115","2011","action, adventure, fantasy, sci_fi","551486","2011-04-21","http://www.imdb.com/title/tt0800369/"
"163","tt0848228","Mon Mar 30 00:00:00 2015","","","Avengers Assemble","Feature Film","Joss Whedon","9","8.1","143","2012","action, sci_fi","1020972","2012-04-11","http://www.imdb.com/title/tt0848228/"
"164","tt0770828","Mon Mar 30 00:00:00 2015","","","Man of Steel","Feature Film","Zack Snyder","4","7.1","143","2013","action, adventure, fantasy, sci_fi","563231","2013-06-10","http://www.imdb.com/title/tt0770828/"
"165","tt1707386","Mon Mar 30 00:00:00 2015","","","Les Misérables","Feature Film","Tom Hooper","6","7.6","158","2012","drama, musical, romance","249504","2012-12-05","http://www.imdb.com/title/tt1707386/"
"166","tt0162222","Mon Mar 30 00:00:00 2015","","","Cast Away","Feature Film","Robert Zemeckis","8","7.7","143","2000","adventure, drama, romance","405768","2000-12-07","http://www.imdb.com/title/tt0162222/"
"167","tt0208092","Mon Mar 30 00:00:00 2015","","","Snatch","Feature Film","Guy Ritchie","9","8.3","104","2000","comedy, crime","617605","2000-08-23","http://www.imdb.com/title/tt0208092/"
"168","tt0829482","Mon Mar 30 00:00:00 2015","","","Superbad","Feature Film","Greg Mottola","7","7.6","113","2007","comedy","430489","2007-08-17","http://www.imdb.com/title/tt0829482/"
"169","tt2194499","Mon Mar 30 00:00:00 2015","","","About Time","Feature Film","Richard Curtis","7","7.8","123","2013","comedy, drama, fantasy, romance, sci_fi","211575","2013-06-27","http://www.imdb.com/title/tt2194499/"
"170","tt0401792","Mon Mar 30 00:00:00 2015","","","Sin City","Feature Film","Frank Miller, Robert Rodriguez","5","8.0","124","2005","crime, thriller","670397","2005-03-28","http://www.imdb.com/title/tt0401792/"
"171","tt2310332","Mon Mar 30 00:00:00 2015","","","The Hobbit: The Battle of the Five Armies","Feature Film","Peter Jackson","4","7.4","144","2014","adventure, fantasy","368269","2014-12-01","http://www.imdb.com/title/tt2310332/"
"172","tt0780504","Mon Mar 30 00:00:00 2015","","","Drive","Feature Film","Nicolas Winding Refn","9","7.8","100","2011","crime, drama","444195","2011-05-20","http://www.imdb.com/title/tt0780504/"
"173","tt0926084","Mon Mar 30 00:00:00 2015","","","Harry Potter and the Deathly Hallows: Part 1","Feature Film","David Yates","5","7.7","146","2010","adventure, family, fantasy, mystery","341319","2010-11-11","http://www.imdb.com/title/tt0926084/"
"174","tt1285016","Mon Mar 30 00:00:00 2015","","","The Social Network","Feature Film","David Fincher","7","7.7","120","2010","biography, drama","492826","2010-09-24","http://www.imdb.com/title/tt1285016/"
"175","tt0381061","Mon Mar 30 00:00:00 2015","","","Casino Royale","Feature Film","Martin Campbell","8","8.0","144","2006","action, adventure, thriller","482016","2006-11-14","http://www.imdb.com/title/tt0381061/"
"176","tt0758758","Mon Mar 30 00:00:00 2015","","","Into the Wild","Feature Film","Sean Penn","7","8.2","148","2007","adventure, biography, drama","441044","2007-09-01","http://www.imdb.com/title/tt0758758/"
"177","tt1074638","Mon Mar 30 00:00:00 2015","","","Skyfall","Feature Film","Sam Mendes","7","7.8","143","2012","action, adventure, thriller","533559","2012-10-23","http://www.imdb.com/title/tt1074638/"
"178","tt0364569","Mon Mar 30 00:00:00 2015","","","Oldboy","Feature Film","Chan-wook Park","10","8.4","120","2003","drama, mystery, thriller","369294","2003-11-21","http://www.imdb.com/title/tt0364569/"
"179","tt1291584","Mon Mar 30 00:00:00 2015","","","Warrior","Feature Film","Gavin O'Connor","8","8.2","140","2011","drama, sport","342575","2011-09-09","http://www.imdb.com/title/tt1291584/"
"180","tt0120903","Mon Mar 30 00:00:00 2015","","","X-Men","Feature Film","Bryan Singer","6","7.4","104","2000","action, adventure, sci_fi","464620","2000-07-13","http://www.imdb.com/title/tt0120903/"
"181","tt2294449","Mon Mar 30 00:00:00 2015","","","22 Jump Street","Feature Film","Phil Lord, Christopher Miller","7","7.1","112","2014","action, comedy, crime","268201","2014-06-04","http://www.imdb.com/title/tt2294449/"
"182","tt0458339","Mon Mar 30 00:00:00 2015","","","Captain America: The First Avenger","Feature Film","Joe Johnston","6","6.9","124","2011","action, adventure, sci_fi","525418","2011-07-19","http://www.imdb.com/title/tt0458339/"
"183","tt0371746","Mon Mar 30 00:00:00 2015","","","Iron Man","Feature Film","Jon Favreau","9","7.9","126","2008","action, adventure, sci_fi","713930","2008-04-14","http://www.imdb.com/title/tt0371746/"
"184","tt0264464","Mon Mar 30 00:00:00 2015","","","Catch Me If You Can","Feature Film","Steven Spielberg","8","8.0","141","2002","biography, crime, drama","552602","2002-12-16","http://www.imdb.com/title/tt0264464/"
"185","tt1270798","Mon Mar 30 00:00:00 2015","","","X-Men: First Class","Feature Film","Matthew Vaughn","8","7.8","132","2011","action, adventure, sci_fi","531402","2011-05-25","http://www.imdb.com/title/tt1270798/"
"186","tt0144084","Mon Mar 30 00:00:00 2015","","","American Psycho","Feature Film","Mary Harron","7","7.6","102","2000","crime, drama","367865","2000-01-21","http://www.imdb.com/title/tt0144084/"
"187","tt1170358","Mon Mar 30 00:00:00 2015","","","The Hobbit: The Desolation of Smaug","Feature Film","Peter Jackson","7","7.9","161","2013","adventure, fantasy","496894","2013-12-02","http://www.imdb.com/title/tt1170358/"
"188","tt0167261","Mon Mar 30 00:00:00 2015","","","The Lord of the Rings: The Two Towers","Feature Film","Peter Jackson","6","8.7","179","2002","adventure, drama, fantasy","1133653","2002-12-05","http://www.imdb.com/title/tt0167261/"
"189","tt1276104","Mon Mar 30 00:00:00 2015","","","Looper","Feature Film","Rian Johnson","8","7.4","119","2012","action, crime, drama, sci_fi, thriller","439360","2012-09-06","http://www.imdb.com/title/tt1276104/"
"190","tt0936501","Mon Mar 30 00:00:00 2015","","","Taken","Feature Film","Pierre Morel","7","7.8","93","2008","action, thriller","492883","2008-02-27","http://www.imdb.com/title/tt0936501/"
"191","tt1843866","Mon Mar 30 00:00:00 2015","","","Captain America: The Winter Soldier","Feature Film","Anthony Russo, Joe Russo","8","7.8","136","2014","action, adventure, sci_fi","517193","2014-03-13","http://www.imdb.com/title/tt1843866/"
"192","tt1041829","Mon Mar 30 00:00:00 2015","","","The Proposal","Feature Film","Anne Fletcher","6","6.7","108","2009","comedy, drama, romance","233852","2009-06-01","http://www.imdb.com/title/tt1041829/"
"193","tt1022603","Mon Mar 30 00:00:00 2015","","","500 Days of Summer","Feature Film","Marc Webb","7","7.7","95","2009","comedy, drama, romance","386359","2009-01-17","http://www.imdb.com/title/tt1022603/"
"194","tt0075148","Mon Mar 30 00:00:00 2015","","","Rocky","Feature Film","John G. Avildsen","8","8.1","120","1976","drama, sport","388515","1976-11-20","http://www.imdb.com/title/tt0075148/"
"195","tt1245526","Mon Mar 30 00:00:00 2015","","","RED","Feature Film","Robert Schwentke","7","7.1","111","2010","action, comedy, crime, thriller","243555","2010-09-29","http://www.imdb.com/title/tt1245526/"
"196","tt0105793","Mon Mar 30 00:00:00 2015","","","Wayne's World","Feature Film","Penelope Spheeris","9","7.0","94","1992","comedy, music","117150","1992-02-14","http://www.imdb.com/title/tt0105793/"
"197","tt0116367","Mon Mar 30 00:00:00 2015","","","From Dusk Till Dawn","Feature Film","Robert Rodriguez","9","7.3","108","1996","action, crime, horror","224975","1996-01-19","http://www.imdb.com/title/tt0116367/"
"198","tt0196229","Mon Mar 30 00:00:00 2015","","","Zoolander","Feature Film","Ben Stiller","6","6.6","90","2001","comedy","205644","2001-09-28","http://www.imdb.com/title/tt0196229/"
"199","tt0830515","Mon Mar 30 00:00:00 2015","","","Quantum of Solace","Feature Film","Marc Forster","5","6.7","106","2008","action, adventure","338591","2008-10-29","http://www.imdb.com/title/tt0830515/"
"200","tt1205489","Mon Mar 30 00:00:00 2015","","","Gran Torino","Feature Film","Clint Eastwood","7","8.2","116","2008","drama","576624","2008-12-09","http://www.imdb.com/title/tt1205489/"
"201","tt1723811","Mon Mar 30 00:00:00 2015","","","Shame","Feature Film","Steve McQueen","8","7.3","101","2011","drama","149815","2011-09-04","http://www.imdb.com/title/tt1723811/"
"202","tt0119396","Mon Mar 30 00:00:00 2015","","","Jackie Brown","Feature Film","Quentin Tarantino","6","7.5","154","1997","crime, thriller","245405","1997-12-08","http://www.imdb.com/title/tt0119396/"
"203","tt1232829","Mon Mar 30 00:00:00 2015","","","21 Jump Street","Feature Film","Phil Lord, Christopher Miller","5","7.2","109","2012","action, comedy, crime","418640","2012-03-12","http://www.imdb.com/title/tt1232829/"
"204","tt0382932","Mon Mar 30 00:00:00 2015","","","Ratatouille","Feature Film","Brad Bird, Jan Pinkava","8","8.0","111","2007","animation, comedy, family, fantasy","487197","2007-06-22","http://www.imdb.com/title/tt0382932/"
"205","tt1028528","Mon Mar 30 00:00:00 2015","","","Death Proof","Feature Film","Quentin Tarantino","3","7.1","113","2007","thriller","213800","2007-05-22","http://www.imdb.com/title/tt1028528/"
"206","tt0126029","Mon Mar 30 00:00:00 2015","","","Shrek","Feature Film","Andrew Adamson, Vicky Jenson","8","7.9","90","2001","animation, adventure, comedy, family, fantasy","479125","2001-04-22","http://www.imdb.com/title/tt0126029/"
"207","tt0387564","Mon Mar 30 00:00:00 2015","","","Saw","Feature Film","James Wan","6","7.7","103","2004","horror, mystery, thriller","307211","2004-01-19","http://www.imdb.com/title/tt0387564/"
"208","tt0945513","Mon Mar 30 00:00:00 2015","","","Source Code","Feature Film","Duncan Jones","8","7.5","93","2011","mystery, romance, sci_fi, thriller","390605","2011-03-11","http://www.imdb.com/title/tt0945513/"
"209","tt1772341","Mon Mar 30 00:00:00 2015","","","Wreck-It Ralph","Feature Film","Rich Moore","7","7.8","101","2012","animation, adventure, comedy, family, sci_fi","279971","2012-11-01","http://www.imdb.com/title/tt1772341/"
"210","tt1650062","Mon Mar 30 00:00:00 2015","","","Super 8","Feature Film","J.J. Abrams","6","7.1","112","2011","mystery, sci_fi, thriller","292926","2011-06-09","http://www.imdb.com/title/tt1650062/"
"211","tt0099423","Mon Mar 30 00:00:00 2015","","","Die Hard 2","Feature Film","Renny Harlin","7","7.1","124","1990","action, thriller","275721","1990-07-02","http://www.imdb.com/title/tt0099423/"
"212","tt0335266","Mon Mar 30 00:00:00 2015","","","Lost in Translation","Feature Film","Sofia Coppola","5","7.8","101","2003","drama","328745","2003-08-29","http://www.imdb.com/title/tt0335266/"
"213","tt0278504","Mon Mar 30 00:00:00 2015","","","Insomnia","Feature Film","Christopher Nolan","8","7.2","118","2002","drama, mystery, thriller","223820","2002-05-03","http://www.imdb.com/title/tt0278504/"
"214","tt1190080","Mon Mar 30 00:00:00 2015","","","2012","Feature Film","Roland Emmerich","4","5.8","158","2009","action, adventure, sci_fi","289995","2009-11-11","http://www.imdb.com/title/tt1190080/"
"215","tt0488120","Mon Mar 30 00:00:00 2015","","","Fracture","Feature Film","Gregory Hoblit","6","7.2","113","2007","crime, drama, mystery, thriller","143259","2007-04-11","http://www.imdb.com/title/tt0488120/"
"216","tt0139134","Mon Mar 30 00:00:00 2015","","","Cruel Intentions","Feature Film","Roger Kumble","7","6.9","97","1999","drama, romance","151778","1999-03-05","http://www.imdb.com/title/tt0139134/"
"217","tt1228705","Mon Mar 30 00:00:00 2015","","","Iron Man 2","Feature Film","Jon Favreau","6","7.0","124","2010","action, adventure, sci_fi","537088","2010-04-26","http://www.imdb.com/title/tt1228705/"
"218","tt0337978","Mon Mar 30 00:00:00 2015","","","Die Hard 4.0","Feature Film","Len Wiseman","6","7.2","128","2007","action, adventure, thriller","341017","2007-06-12","http://www.imdb.com/title/tt0337978/"
"219","tt0449059","Mon Mar 30 00:00:00 2015","","","Little Miss Sunshine","Feature Film","Jonathan Dayton, Valerie Faris","5","7.8","101","2006","comedy, drama","363946","2006-01-20","http://www.imdb.com/title/tt0449059/"
"220","tt0099348","Mon Mar 30 00:00:00 2015","","","Dances with Wolves","Feature Film","Kevin Costner","8","8.0","181","1990","adventure, drama, western","190951","1990-10-19","http://www.imdb.com/title/tt0099348/"
"221","tt0234215","Mon Mar 30 00:00:00 2015","","","The Matrix Reloaded","Feature Film","The Wachowski Brothers, The Wachowski Brothers","5","7.2","138","2003","action, sci_fi","429834","2003-05-07","http://www.imdb.com/title/tt0234215/"
"222","tt0290334","Mon Mar 30 00:00:00 2015","","","X-Men 2","Feature Film","Bryan Singer","7","7.5","134","2003","action, adventure, fantasy, sci_fi, thriller","415920","2003-04-24","http://www.imdb.com/title/tt0290334/"
"223","tt0356910","Mon Mar 30 00:00:00 2015","","","Mr. & Mrs. Smith","Feature Film","Doug Liman","5","6.5","120","2005","action, comedy, crime, romance, thriller","358525","2005-06-07","http://www.imdb.com/title/tt0356910/"
"224","tt0117381","Mon Mar 30 00:00:00 2015","","","Primal Fear","Feature Film","Gregory Hoblit","7","7.7","129","1996","crime, drama, mystery, thriller","136108","1996-04-03","http://www.imdb.com/title/tt0117381/"
"225","tt0964517","Mon Mar 30 00:00:00 2015","","","The Fighter","Feature Film","David O. Russell","8","7.9","116","2010","biography, drama, sport","282193","2010-12-06","http://www.imdb.com/title/tt0964517/"
"226","tt1068680","Mon Mar 30 00:00:00 2015","","","Yes Man","Feature Film","Peyton Reed","6","6.8","104","2008","comedy, romance","277220","2008-12-09","http://www.imdb.com/title/tt1068680/"
"227","tt1124035","Mon Mar 30 00:00:00 2015","","","The Ides of March","Feature Film","George Clooney","8","7.1","101","2011","drama","192004","2011-08-31","http://www.imdb.com/title/tt1124035/"
"228","tt0375912","Mon Mar 30 00:00:00 2015","","","Layer Cake","Feature Film","Matthew Vaughn","9","7.4","105","2004","crime, drama, thriller","136750","2004-10-01","http://www.imdb.com/title/tt0375912/"
"229","tt0381849","Mon Mar 30 00:00:00 2015","","","3:10 to Yuma","Feature Film","James Mangold","8","7.7","122","2007","adventure, crime, drama, western","242553","2007-08-21","http://www.imdb.com/title/tt0381849/"
"230","tt0123755","Mon Mar 30 00:00:00 2015","","","Cube","Feature Film","Vincenzo Natali","4","7.3","90","1997","drama, mystery, sci_fi, thriller","164973","1997-09-09","http://www.imdb.com/title/tt0123755/"
"231","tt2692904","Mon Mar 30 00:00:00 2015","","","Locke","Feature Film","Steven Knight","9","7.1","85","2013","drama","95527","2013-09-02","http://www.imdb.com/title/tt2692904/"
"232","tt0217869","Mon Mar 30 00:00:00 2015","","","Unbreakable","Feature Film","M. Night Shyamalan","6","7.2","106","2000","drama, mystery, sci_fi, thriller","249488","2000-11-14","http://www.imdb.com/title/tt0217869/"
"233","tt0100157","Mon Mar 30 00:00:00 2015","","","Misery","Feature Film","Rob Reiner","9","7.8","107","1990","crime, drama, thriller","137953","1990-11-29","http://www.imdb.com/title/tt0100157/"
"234","tt0112864","Mon Mar 30 00:00:00 2015","","","Die Hard: With a Vengeance","Feature Film","John McTiernan","8","7.6","128","1995","action, adventure, thriller","304850","1995-05-15","http://www.imdb.com/title/tt0112864/"
"235","tt0108160","Mon Mar 30 00:00:00 2015","","","Sleepless in Seattle","Feature Film","Nora Ephron","7","6.8","105","1993","comedy, drama, romance","125382","1993-06-25","http://www.imdb.com/title/tt0108160/"
"236","tt1465522","Mon Mar 30 00:00:00 2015","","","Tucker and Dale vs Evil","Feature Film","Eli Craig","9","7.6","89","2010","comedy, horror","132190","2010-01-22","http://www.imdb.com/title/tt1465522/"
"237","tt0452594","Mon Mar 30 00:00:00 2015","","","The Break-Up","Feature Film","Peyton Reed","3","5.8","106","2006","comedy, drama, romance","103983","2006-05-22","http://www.imdb.com/title/tt0452594/"
"238","tt0111257","Mon Mar 30 00:00:00 2015","","","Speed","Feature Film","Jan de Bont","7","7.2","116","1994","action, adventure, crime, thriller","266177","1994-06-10","http://www.imdb.com/title/tt0111257/"
"239","tt0242653","Mon Mar 30 00:00:00 2015","","","The Matrix Revolutions","Feature Film","The Wachowski Brothers, The Wachowski Brothers","4","6.7","129","2003","action, sci_fi","372116","2003-10-27","http://www.imdb.com/title/tt0242653/"
"240","tt1216492","Mon Mar 30 00:00:00 2015","","","Leap Year","Feature Film","Anand Tucker","3","6.5","100","2010","comedy, romance","73278","2010-01-06","http://www.imdb.com/title/tt1216492/"
"241","tt0357413","Mon Mar 30 00:00:00 2015","","","Anchorman: The Legend of Ron Burgundy","Feature Film","Adam McKay","7","7.2","94","2004","comedy","273439","2004-06-28","http://www.imdb.com/title/tt0357413/"
"242","tt1602613","Mon Mar 30 00:00:00 2015","","","Only God Forgives","Feature Film","Nicolas Winding Refn","1","5.7","90","2013","crime, drama","86238","2013-05-22","http://www.imdb.com/title/tt1602613/"
"243","tt0293662","Mon Mar 30 00:00:00 2015","","","The Transporter","Feature Film","Louis Leterrier, Cory Yuen","5","6.8","92","2002","action, crime, thriller","242379","2002-10-02","http://www.imdb.com/title/tt0293662/"
"244","tt0944835","Mon Mar 30 00:00:00 2015","","","Salt","Feature Film","Phillip Noyce","6","6.4","100","2010","action, crime, mystery, thriller","250185","2010-07-19","http://www.imdb.com/title/tt0944835/"
"245","tt1341167","Mon Mar 30 00:00:00 2015","","","Four Lions","Feature Film","Chris Morris","8","7.3","97","2010","comedy, crime, drama","57738","2010-01-23","http://www.imdb.com/title/tt1341167/"
"246","tt0119229","Mon Mar 30 00:00:00 2015","","","Grosse Pointe Blank","Feature Film","George Armitage","6","7.4","107","1997","action, comedy, crime, romance, thriller","74707","1997-04-11","http://www.imdb.com/title/tt0119229/"
"247","tt1592873","Mon Mar 30 00:00:00 2015","","","LOL","Feature Film","Lisa Azuelos","1","4.3","97","2012","comedy, drama, romance","46030","2012-02-10","http://www.imdb.com/title/tt1592873/"
"248","tt1091722","Mon Mar 30 00:00:00 2015","","","Adventureland","Feature Film","Greg Mottola","6","6.8","107","2009","comedy, drama, romance","134019","2009-01-19","http://www.imdb.com/title/tt1091722/"
"249","tt0266308","Mon Mar 30 00:00:00 2015","","","Battle Royale","Feature Film","Kinji Fukasaku","7","7.7","114","2000","adventure, drama, sci_fi, thriller","141656","2000-10","http://www.imdb.com/title/tt0266308/"
"250","tt1401152","Mon Mar 30 00:00:00 2015","","","Unknown","Feature Film","Jaume Collet-Serra","5","6.9","113","2011","action, mystery, thriller","214206","2011-02-16","http://www.imdb.com/title/tt1401152/"
"251","tt1942884","Sun Mar 29 00:00:00 2015","","","Indie Game: The Movie","Documentary","Lisanne Pajot, James Swirsky","7","7.7","94","2012","documentary","17395","2012-01-20","http://www.imdb.com/title/tt1942884/"
"252","tt1405365","Sun Mar 29 00:00:00 2015","","","Celeste & Jesse Forever","Feature Film","Lee Toland Krieger","5","6.6","92","2012","comedy, drama, romance","24957","2012-01-20","http://www.imdb.com/title/tt1405365/"
"253","tt1502404","Sun Mar 29 00:00:00 2015","","","Drive Angry","Feature Film","Patrick Lussier","6","5.5","104","2011","action, fantasy, thriller","83020","2011-02-24","http://www.imdb.com/title/tt1502404/"
"254","tt0093105","Sun Mar 29 00:00:00 2015","","","Good Morning, Vietnam","Feature Film","Barry Levinson","7","7.3","121","1987","biography, comedy, drama, war","101343","1987-12-23","http://www.imdb.com/title/tt0093105/"
"255","tt0093822","Sun Mar 29 00:00:00 2015","","","Raising Arizona","Feature Film","Joel Coen","8","7.4","94","1987","comedy, crime","102907","1987-03-06","http://www.imdb.com/title/tt0093822/"
"256","tt2382396","Sun Mar 29 00:00:00 2015","","","Joe","Feature Film","David Gordon Green","9","6.9","117","2013","drama","37577","2013-08-30","http://www.imdb.com/title/tt2382396/"
"257","tt1656186","Sun Mar 29 00:00:00 2015","","","Stolen","Feature Film","Simon West","3","5.5","96","2012","action, crime, drama, thriller","37626","2012-09-06","http://www.imdb.com/title/tt1656186/"
"258","tt1095217","Sun Mar 29 00:00:00 2015","","","Bad Lieutenant","Feature Film","Werner Herzog","5","6.7","122","2009","crime, drama","65803","2009-09-04","http://www.imdb.com/title/tt1095217/"
"259","tt0098577","Sun Mar 29 00:00:00 2015","","","Vampire's Kiss","Feature Film","Robert Bierman","10","5.9","103","1988","comedy, horror","9780","1988-05","http://www.imdb.com/title/tt0098577/"
"260","tt0314331","Sun Mar 29 00:00:00 2015","","","Love Actually","Feature Film","Richard Curtis","8","7.7","135","2003","comedy, drama, romance","328009","2003-09-07","http://www.imdb.com/title/tt0314331/"
"261","tt0319343","Sun Mar 29 00:00:00 2015","","","Elf","Feature Film","Jon Favreau","9","6.9","97","2003","comedy, family, fantasy, romance","153038","2003-10-09","http://www.imdb.com/title/tt0319343/"
"262","tt2294629","Sun Mar 29 00:00:00 2015","","","Frozen","Feature Film","Chris Buck, Jennifer Lee","7","7.6","102","2013","animation, adventure, comedy, family, fantasy, musical","433975","2013-11-10","http://www.imdb.com/title/tt2294629/"
"263","tt0468569","Sun Mar 29 00:00:00 2015","","","The Dark Knight","Feature Film","Christopher Nolan","9","9.0","152","2008","action, crime, drama, thriller","1726828","2008-07-14","http://www.imdb.com/title/tt0468569/"
"264","tt0111161","Sun Mar 29 00:00:00 2015","","","The Shawshank Redemption","Feature Film","Frank Darabont","9","9.3","142","1994","crime, drama","1742691","1994-09-10","http://www.imdb.com/title/tt0111161/"
"265","tt0993846","Sun Mar 29 00:00:00 2015","","","The Wolf of Wall Street","Feature Film","Martin Scorsese","7","8.2","180","2013","biography, comedy, crime, drama","817855","2013-12-17","http://www.imdb.com/title/tt0993846/"
"266","tt0068646","Sun Mar 29 00:00:00 2015","","","The Godfather","Feature Film","Francis Ford Coppola","7","9.2","175","1972","crime, drama","1190427","1972-03-14","http://www.imdb.com/title/tt0068646/"
"267","tt1375666","Sun Mar 29 00:00:00 2015","","","Inception","Feature Film","Christopher Nolan","7","8.8","148","2010","action, adventure, sci_fi, thriller","1517747","2010-07-08","http://www.imdb.com/title/tt1375666/"
"268","tt2267998","Sun Mar 29 00:00:00 2015","","","Gone Girl","Feature Film","David Fincher","8","8.1","149","2014","crime, drama, mystery, thriller","599247","2014-09-26","http://www.imdb.com/title/tt2267998/"
"269","tt0110912","Sun Mar 29 00:00:00 2015","","","Pulp Fiction","Feature Film","Quentin Tarantino","4","8.9","154","1994","crime, drama","1364565","1994-05-21","http://www.imdb.com/title/tt0110912/"
"270","tt0109830","Sun Mar 29 00:00:00 2015","","","Forrest Gump","Feature Film","Robert Zemeckis","8","8.8","142","1994","comedy, drama","1297235","1994-06-23","http://www.imdb.com/title/tt0109830/"
"271","tt1345836","Sun Mar 29 00:00:00 2015","","","The Dark Knight Rises","Feature Film","Christopher Nolan","7","8.5","164","2012","action, thriller","1179157","2012-07-16","http://www.imdb.com/title/tt1345836/"
"272","tt0120737","Sun Mar 29 00:00:00 2015","","","The Lord of the Rings: The Fellowship of the Ring","Feature Film","Peter Jackson","6","8.8","178","2001","adventure, drama, fantasy","1273839","2001-12-10","http://www.imdb.com/title/tt0120737/"
"273","tt1872181","Sun Mar 29 00:00:00 2015","","","The Amazing Spider-Man 2","Feature Film","Marc Webb","6","6.7","142","2014","action, adventure, sci_fi","330050","2014-04-10","http://www.imdb.com/title/tt1872181/"
"274","tt0120689","Sun Mar 29 00:00:00 2015","","","The Green Mile","Feature Film","Frank Darabont","8","8.5","189","1999","crime, drama, fantasy, mystery","814067","1999-12-06","http://www.imdb.com/title/tt0120689/"
"275","tt1130884","Sun Mar 29 00:00:00 2015","","","Shutter Island","Feature Film","Martin Scorsese","6","8.1","138","2010","mystery, thriller","816197","2010-02-13","http://www.imdb.com/title/tt1130884/"
"276","tt0120815","Sun Mar 29 00:00:00 2015","","","Saving Private Ryan","Feature Film","Steven Spielberg","8","8.6","169","1998","action, drama, war","911245","1998-07-21","http://www.imdb.com/title/tt0120815/"
"277","tt1392170","Sun Mar 29 00:00:00 2015","","","The Hunger Games","Feature Film","Gary Ross","6","7.2","142","2012","action, adventure, sci_fi, thriller","715975","2012-03-12","http://www.imdb.com/title/tt1392170/"
"278","tt0102926","Sun Mar 29 00:00:00 2015","","","The Silence of the Lambs","Feature Film","Jonathan Demme","8","8.6","118","1991","crime, drama, thriller","918904","1991-01-30","http://www.imdb.com/title/tt0102926/"
"279","tt0482571","Sun Mar 29 00:00:00 2015","","","The Prestige","Feature Film","Christopher Nolan","8","8.5","130","2006","drama, mystery, sci_fi, thriller","873984","2006-10-17","http://www.imdb.com/title/tt0482571/"
"280","tt1853728","Sun Mar 29 00:00:00 2015","","","Django Unchained","Feature Film","Quentin Tarantino","5","8.4","165","2012","drama, western","991511","2012-12-11","http://www.imdb.com/title/tt1853728/"
"281","tt1570728","Sun Mar 29 00:00:00 2015","","","Crazy, Stupid, Love.","Feature Film","Glenn Ficarra, John Requa","10","7.4","118","2011","comedy, drama, romance","383359","2011-07-19","http://www.imdb.com/title/tt1570728/"
"282","tt0377092","Sun Mar 29 00:00:00 2015","","","Mean Girls","Feature Film","Mark Waters","7","7.0","97","2004","comedy","253388","2004-04-19","http://www.imdb.com/title/tt0377092/"
"283","tt0117951","Sun Mar 29 00:00:00 2015","","","Trainspotting","Feature Film","Danny Boyle","7","8.2","94","1996","drama","484599","1996-02-23","http://www.imdb.com/title/tt0117951/"
"284","tt0338013","Sun Mar 29 00:00:00 2015","","","Eternal Sunshine of the Spotless Mind","Feature Film","Michel Gondry","6","8.3","108","2004","drama, fantasy, romance, sci_fi","689106","2004-03-09","http://www.imdb.com/title/tt0338013/"
"285","tt0120586","Sun Mar 29 00:00:00 2015","","","American History X","Feature Film","Tony Kaye","8","8.6","119","1998","crime, drama","805891","1998-10-30","http://www.imdb.com/title/tt0120586/"
"286","tt0114369","Sun Mar 29 00:00:00 2015","","","Se7en","Feature Film","David Fincher","8","8.6","127","1995","crime, drama, mystery, thriller","1058301","1995-09-15","http://www.imdb.com/title/tt0114369/"
"287","tt0172495","Sun Mar 29 00:00:00 2015","","","Gladiator","Feature Film","Ridley Scott","7","8.5","155","2000","action, adventure, drama","1013556","2000-05-01","http://www.imdb.com/title/tt0172495/"
"288","tt1981677","Sun Mar 29 00:00:00 2015","","","Pitch Perfect","Feature Film","Jason Moore","8","7.2","112","2012","comedy, music, romance","219438","2012-09-28","http://www.imdb.com/title/tt1981677/"
"289","tt0372784","Sun Mar 29 00:00:00 2015","","","Batman Begins","Feature Film","Christopher Nolan","7","8.3","140","2005","action, adventure","1011283","2005-05-31","http://www.imdb.com/title/tt0372784/"
"290","tt1659337","Sun Mar 29 00:00:00 2015","","","The Perks of Being a Wallflower","Feature Film","Stephen Chbosky","7","8.0","102","2012","drama, romance","363063","2012-09-08","http://www.imdb.com/title/tt1659337/"
"291","tt2562232","Sun Mar 29 00:00:00 2015","","","Birdman or (The Unexpected Virtue of Ignorance)","Feature Film","Alejandro G. Iñárritu","9","7.8","119","2014","comedy, drama, romance","414335","2014-08-27","http://www.imdb.com/title/tt2562232/"
"292","tt1454029","Sun Mar 29 00:00:00 2015","","","The Help","Feature Film","Tate Taylor","8","8.1","146","2011","drama","328580","2011-08-09","http://www.imdb.com/title/tt1454029/"
"293","tt1800241","Sun Mar 29 00:00:00 2015","","","American Hustle","Feature Film","David O. Russell","5","7.3","138","2013","crime, drama","366644","2013-12-12","http://www.imdb.com/title/tt1800241/"
"294","tt0105236","Sun Mar 29 00:00:00 2015","","","Reservoir Dogs","Feature Film","Quentin Tarantino","3","8.4","99","1992","crime, drama, thriller","685945","1992-01-21","http://www.imdb.com/title/tt0105236/"
"295","tt1250777","Sun Mar 29 00:00:00 2015","","","Kick-Ass","Feature Film","Matthew Vaughn","5","7.7","117","2010","action, comedy","445206","2010-03-12","http://www.imdb.com/title/tt1250777/"
"296","tt1450321","Sun Mar 29 00:00:00 2015","","","Filth","Feature Film","Jon S. Baird","3","7.1","97","2013","comedy, crime, drama","76729","2013-09-16","http://www.imdb.com/title/tt1450321/"
"297","tt1045658","Sun Mar 29 00:00:00 2015","","","Silver Linings Playbook","Feature Film","David O. Russell","5","7.8","122","2012","comedy, drama, romance","547216","2012-09-08","http://www.imdb.com/title/tt1045658/"
"298","tt0117500","Sun Mar 29 00:00:00 2015","","","The Rock","Feature Film","Michael Bay","8","7.4","136","1996","action, adventure, thriller","264080","1996-06-07","http://www.imdb.com/title/tt0117500/"
"299","tt0948470","Sun Mar 29 00:00:00 2015","","","The Amazing Spider-Man","Feature Film","Marc Webb","7","7.0","136","2012","action, adventure","461266","2012-06-13","http://www.imdb.com/title/tt0948470/"
"300","tt1951264","Sun Mar 29 00:00:00 2015","","","The Hunger Games: Catching Fire","Feature Film","Francis Lawrence","7","7.6","146","2013","action, adventure, mystery, sci_fi, thriller","510328","2013-11-11","http://www.imdb.com/title/tt1951264/"
"301","tt0097165","Sun Mar 29 00:00:00 2015","","","Dead Poets Society","Feature Film","Peter Weir","6","8.0","128","1989","comedy, drama","285088","1989-06-02","http://www.imdb.com/title/tt0097165/"
"302","tt1981115","Sun Mar 29 00:00:00 2015","","","Thor: The Dark World","Feature Film","Alan Taylor","5","7.1","112","2013","action, adventure, fantasy, sci_fi","427054","2013-10-22","http://www.imdb.com/title/tt1981115/"
"303","tt0092005","Sun Mar 29 00:00:00 2015","","","Stand by Me","Feature Film","Rob Reiner","6","8.1","89","1986","adventure, drama","280514","1986-08-06","http://www.imdb.com/title/tt0092005/"
"304","tt0190590","Sun Mar 29 00:00:00 2015","","","O Brother, Where Art Thou?","Feature Film","Joel Coen","8","7.8","107","2000","adventure, comedy, crime, music","230831","2000-05-13","http://www.imdb.com/title/tt0190590/"
"305","tt0167404","Sun Mar 29 00:00:00 2015","","","The Sixth Sense","Feature Film","M. Night Shyamalan","8","8.1","107","1999","drama, mystery, thriller","723640","1999-08-02","http://www.imdb.com/title/tt0167404/"
"306","tt1156398","Sun Mar 29 00:00:00 2015","","","Zombieland","Feature Film","Ruben Fleischer","7","7.7","88","2009","adventure, comedy, horror, sci_fi","396711","2009-09-25","http://www.imdb.com/title/tt1156398/"
"307","tt0398286","Sun Mar 29 00:00:00 2015","","","Tangled","Feature Film","Nathan Greno, Byron Howard","8","7.8","100","2010","animation, adventure, comedy, family, fantasy, musical, romance","304044","2010-11-24","http://www.imdb.com/title/tt0398286/"
"308","tt1454468","Sun Mar 29 00:00:00 2015","","","Gravity","Feature Film","Alfonso Cuarón","6","7.8","91","2013","adventure, drama, sci_fi, thriller","599365","2013-08-28","http://www.imdb.com/title/tt1454468/"
"309","tt1282140","Sun Mar 29 00:00:00 2015","","","Easy A","Feature Film","Will Gluck","8","7.1","92","2010","comedy, drama, romance","284356","2010-09-11","http://www.imdb.com/title/tt1282140/"
"310","tt0056592","Sun Mar 29 00:00:00 2015","","","To Kill a Mockingbird","Feature Film","Robert Mulligan","8","8.3","129","1962","crime, drama","222202","1962-12-25","http://www.imdb.com/title/tt0056592/"
"311","tt0276751","Sun Mar 29 00:00:00 2015","","","About a Boy","Feature Film","Chris Weitz, Paul Weitz","7","7.1","101","2002","comedy, drama, romance","146309","2002-04-26","http://www.imdb.com/title/tt0276751/"
"312","tt0368891","Sun Mar 29 00:00:00 2015","","","National Treasure","Feature Film","Jon Turteltaub","5","6.9","131","2004","action, adventure, family, mystery, thriller","259250","2004-11-08","http://www.imdb.com/title/tt0368891/"
"313","tt2229499","Sun Mar 29 00:00:00 2015","","","Don Jon","Feature Film","Joseph Gordon-Levitt","7","6.6","90","2013","comedy, drama, romance","194681","2013-01-18","http://www.imdb.com/title/tt2229499/"
"314","tt0098635","Sun Mar 29 00:00:00 2015","","","When Harry Met Sally...","Feature Film","Rob Reiner","7","7.6","96","1989","comedy, drama, romance","152973","1989-07-12","http://www.imdb.com/title/tt0098635/"
"315","tt0118880","Sun Mar 29 00:00:00 2015","","","Con Air","Feature Film","Simon West","9","6.8","115","1997","action, crime, thriller","229329","1997-06-02","http://www.imdb.com/title/tt0118880/"
"316","tt1307068","Sun Mar 29 00:00:00 2015","","","Seeking a Friend for the End of the World","Feature Film","Lorene Scafaria","6","6.7","101","2012","adventure, comedy, drama, romance, sci_fi","90196","2012-06-18","http://www.imdb.com/title/tt1307068/"
"317","tt1306980","Sun Mar 29 00:00:00 2015","","","50/50","Feature Film","Jonathan Levine","8","7.7","100","2011","comedy, drama, romance","275382","2011-09-12","http://www.imdb.com/title/tt1306980/"
"318","tt0146882","Sun Mar 29 00:00:00 2015","","","High Fidelity","Feature Film","Stephen Frears","7","7.5","113","2000","comedy, drama, music, romance","145751","2000-03-17","http://www.imdb.com/title/tt0146882/"
"319","tt1922777","Sun Mar 29 00:00:00 2015","","","Sinister","Feature Film","Scott Derrickson","5","6.8","110","2012","horror, mystery","161746","2012-03-11","http://www.imdb.com/title/tt1922777/"
"320","tt2205697","Sun Mar 29 00:00:00 2015","","","Stuck in Love","Feature Film","Josh Boone","6","7.3","97","2012","comedy, drama, romance","67144","2012-09-09","http://www.imdb.com/title/tt2205697/"
"321","tt0119094","Sun Mar 29 00:00:00 2015","","","Face/Off","Feature Film","John Woo","10","7.3","138","1997","action, crime, sci_fi, thriller","289465","1997-06-19","http://www.imdb.com/title/tt0119094/"
"322","tt0109831","Sun Mar 29 00:00:00 2015","","","Four Weddings and a Funeral","Feature Film","Mike Newell","7","7.1","117","1994","comedy, drama, romance","110175","1994-01-20","http://www.imdb.com/title/tt0109831/"
"323","tt0259324","Sun Mar 29 00:00:00 2015","","","Ghost Rider","Feature Film","Mark Steven Johnson","4","5.2","114","2007","action, fantasy, thriller","186252","2007-01-15","http://www.imdb.com/title/tt0259324/"
"324","tt0212338","Sun Mar 29 00:00:00 2015","","","Meet the Parents","Feature Film","Jay Roach","4","7.0","108","2000","comedy, romance","265280","2000-10-06","http://www.imdb.com/title/tt0212338/"
"325","tt0465234","Sun Mar 29 00:00:00 2015","","","National Treasure: Book of Secrets","Feature Film","Jon Turteltaub","5","6.5","124","2007","action, adventure, family, mystery, thriller","185844","2007-12-13","http://www.imdb.com/title/tt0465234/"
"326","tt0268126","Sun Mar 29 00:00:00 2015","","","Adaptation.","Feature Film","Spike Jonze","9","7.7","114","2002","comedy, drama","146292","2002-12-06","http://www.imdb.com/title/tt0268126/"
"327","tt2005374","Sun Mar 29 00:00:00 2015","","","The Frozen Ground","Feature Film","Scott Walker","6","6.4","105","2013","crime, drama, mystery, thriller","44826","2013-07-11","http://www.imdb.com/title/tt2005374/"
"328","tt0315327","Sun Mar 29 00:00:00 2015","","","Bruce Almighty","Feature Film","Tom Shadyac","5","6.7","101","2003","comedy, drama, fantasy","304451","2003-05-14","http://www.imdb.com/title/tt0315327/"
"329","tt1605717","Sun Mar 29 00:00:00 2015","","","Frank","Feature Film","Lenny Abrahamson","8","7.0","95","2014","comedy, drama, music","56605","2014-01-17","http://www.imdb.com/title/tt1605717/"
"330","tt0093565","Sun Mar 29 00:00:00 2015","","","Moonstruck","Feature Film","Norman Jewison","8","7.1","102","1987","comedy, drama, romance","36258","1987-12-01","http://www.imdb.com/title/tt0093565/"
"331","tt1071875","Sun Mar 29 00:00:00 2015","","","Ghost Rider: Spirit of Vengeance","Feature Film","Neveldine, Taylor","1","4.3","96","2011","action, fantasy, thriller","89949","2011-12-11","http://www.imdb.com/title/tt1071875/"
"332","tt2234003","Sun Mar 29 00:00:00 2015","","","Calvary","Feature Film","John Michael McDonagh","8","7.4","102","2014","drama","43666","2014-01-19","http://www.imdb.com/title/tt2234003/"
"333","tt0322330","Sun Mar 29 00:00:00 2015","","","Freaky Friday","Feature Film","Mark Waters","4","6.1","97","2003","comedy, family, fantasy, music, romance","99393","2003-08-04","http://www.imdb.com/title/tt0322330/"
